STATE,ST_CASE,VE_TOTAL,VE_FORMS,PVH_INVL,PEDS,PERNOTMVIT,PERMVIT,PERSONS,COUNTY,CITY,DAY,MONTH,YEAR,DAY_WEEK,HOUR,MINUTE,NHS,RUR_URB,FUNC_SYS,RD_OWNER,ROUTE,TWAY_ID,TWAY_ID2,MILEPT,LATITUDE,LONGITUD,SP_JUR,HARM_EV,MAN_COLL,RELJCT1,RELJCT2,TYP_INT,WRK_ZONE,REL_ROAD,LGT_COND,WEATHER1,WEATHER2,WEATHER,SCH_BUS,RAIL,NOT_HOUR,NOT_MIN,ARR_HOUR,ARR_MIN,HOSP_HR,HOSP_MN,CF1,CF2,CF3,FATALS,DRUNK_DR
17,170857,3,3,0,0,0,3,3,99,0,28,10,2016,6,14,39,1,2,3,1,3,SR-251,CR-63 (CEDAR CREEK RD),488,41.31429167,-89.118697220000,0,12,1,0,2,3,0,1,1,1,0,1,0,0000000,14,39,99,99,99,99,0,0,0,1,0
17,170858,1,1,0,1,1,1,1,201,0,29,10,2016,7,19,44,0,2,4,2,4,CR-13 (CENTRAL AVE),,0,42.30763889,-89.116141670000,0,9,0,0,1,1,0,1,3,1,0,1,0,0000000,19,44,99,99,99,99,0,0,0,1,1
17,170859,2,2,0,0,0,3,3,19,0,4,11,2016,6,1,31,0,1,7,2,4,CR-90  (900N),CR-70  (700E) (RISING RD),0,40.01109444,-88.331930560000,0,12,6,0,3,2,0,1,2,1,0,1,0,0000000,1,31,99,99,99,99,0,0,0,1,1
17,170860,3,3,0,0,0,4,4,31,4146,6,10,2016,5,15,27,1,2,1,1,1,I-294,,296,41.76203611,-87.896650000000,0,12,1,1,18,1,0,1,1,1,0,1,0,0000000,15,27,99,99,99,99,0,0,0,1,0
17,170861,1,1,0,1,1,1,1,89,2690,30,10,2016,1,4,4,0,2,4,4,6,KIMBALL ST,SPRING ST,0,42.04166944,-88.282488890000,0,8,0,0,3,2,0,1,3,2,0,2,0,0000000,4,4,99,99,99,99,0,0,0,1,0
17,170862,2,2,0,0,0,2,2,29,5390,27,10,2016,5,7,48,1,2,3,1,2,US-45 (SR-121),I-57 S/B RAMP TO US-45,1971,39.42820278,-88.378083330000,0,12,6,1,2,2,0,1,1,1,0,1,0,0000000,7,51,99,99,99,99,0,0,0,1,1
17,170863,2,2,0,0,0,3,3,31,850,22,10,2016,7,0,40,1,2,1,1,1,I-57,,3531,41.66153889,-87.662797220000,0,12,1,0,1,1,0,1,3,1,0,1,0,0000000,0,43,99,99,99,99,0,0,0,1,1
17,170864,1,1,0,1,1,1,1,31,1670,22,10,2016,7,15,45,0,2,4,4,6,WESTERN AVE,GRANVILLE AVE,0,41.99408056,-87.689783330000,0,8,0,0,2,2,0,1,1,1,0,1,0,0000000,15,45,99,99,99,99,0,0,0,1,0
17,170865,2,2,0,0,0,4,4,97,1163,23,10,2016,1,13,19,0,2,4,2,4,CR-33 (APTAKISTIC RD),TWIN OAKS,0,42.18269444,-87.973030560000,0,12,2,0,2,3,0,1,1,1,0,1,0,0000000,13,20,99,99,99,99,0,0,0,1,1
17,170866,1,1,0,0,0,1,1,161,0,29,10,2016,7,7,28,0,1,5,1,3,SR-2,,0,41.55757222,-90.293363890000,0,34,0,0,1,1,0,4,2,1,0,1,0,0000000,7,28,99,99,88,88,0,0,0,1,1
17,170867,1,1,0,0,0,1,1,57,0,24,10,2016,2,6,8,1,1,3,1,2,US-24,,829,40.30611667,-90.190752780000,0,11,0,0,1,1,0,1,4,1,0,1,0,0000000,6,11,99,99,99,99,0,0,0,1,0
17,170868,1,1,0,0,0,2,2,99,0,16,10,2016,1,21,13,0,1,5,2,4,CR-15,,0,41.42323333,-88.708586110000,0,34,0,0,1,1,0,4,2,1,0,1,0,0000000,22,40,99,99,99,99,18,0,0,1,1
17,170870,3,3,0,0,0,5,5,31,0,31,10,2016,2,20,8,1,2,1,1,1,I-57,,3431,41.54111944,-87.743013890000,0,57,0,0,1,1,0,3,3,1,0,1,0,0000000,20,13,99,99,99,99,14,0,0,1,0
17,170871,1,1,0,1,1,1,1,167,8220,7,10,2016,6,8,19,1,2,3,1,3,SR-29 (SANAGMON AVE),19TH ST,455,39.83108333,-89.630219440000,0,18,0,0,2,3,0,1,1,1,0,1,0,0000000,8,20,99,99,99,99,15,0,0,1,0
17,170872,1,1,0,1,1,1,1,31,3190,19,9,2016,2,13,58,0,2,4,4,6,FRANKLIN AVE,,0,41.94599167,-87.907219440000,0,9,0,0,1,1,0,1,1,1,0,1,0,0000000,13,58,99,99,99,99,0,0,0,1,0
17,170873,2,2,0,0,0,5,5,147,0,22,10,2016,7,12,45,0,1,7,2,5,CR-700 (700N),1300E,0,39.89358333,-88.499838890000,0,12,6,0,2,2,0,1,1,1,0,1,0,0000000,12,49,99,99,99,99,0,0,0,1,0
17,170874,2,2,0,0,0,3,3,93,9630,14,10,2016,6,9,35,1,2,3,1,3,SR-47,CR-9 (GALENA RD),1123,41.70533056,-88.446383330000,0,12,1,0,2,2,0,1,1,1,0,1,0,0000000,9,35,99,99,88,88,0,0,0,1,0
17,170875,1,1,0,0,0,1,1,31,2770,25,10,2016,3,11,34,0,6,96,96,8,NORTH AVE,,0,41.90908333,-87.814872220000,0,30,0,0,1,1,0,4,1,1,0,1,0,0000000,11,34,99,99,99,99,0,0,0,1,0
17,170876,1,1,0,1,1,2,2,201,7460,8,9,2016,5,21,51,1,2,3,1,2,US-20 (STATE ST),,208,42.26385556,-89.021688890000,0,8,0,0,1,1,0,1,2,1,0,1,0,0000000,21,53,99,99,99,99,0,0,0,1,0
17,170877,1,1,0,0,0,1,1,55,0,23,10,2016,1,3,0,1,1,1,1,1,I-57  (KEN GRAY EXPRESSWAY),,693,37.96388611,-88.935344440000,0,42,0,0,1,1,0,4,3,1,0,1,0,0000000,14,30,99,99,88,88,18,0,0,1,0
17,170878,1,1,0,0,0,1,1,119,0,4,11,2016,6,5,0,1,2,1,1,1,I-70,,342,38.78634722,-89.635522220000,0,52,0,1,19,1,0,8,2,1,0,1,0,0000000,5,6,99,99,99,99,0,0,0,1,0
17,170879,1,1,0,0,0,5,5,81,0,2,11,2016,4,2,34,1,1,1,1,1,I-57  (KEN GRAY EXPRESSWAY),,851,38.18883611,-88.904494440000,0,24,0,0,1,1,1,4,2,1,0,1,0,0000000,2,34,99,99,99,99,0,0,0,2,0
17,170880,1,1,0,0,0,1,1,49,0,5,11,2016,7,4,40,0,2,4,1,2,US-40 (OLD NATIONAL RD),,965,39.09994167,-88.603019440000,0,42,0,0,1,1,0,4,2,1,0,1,0,0000000,4,44,99,99,88,88,0,0,0,1,0
17,170881,1,1,0,0,0,1,1,163,1240,6,11,2016,1,11,41,1,2,3,1,3,SR-3  (MISSISSIPPI AVE),,0,38.58278333,-90.180294440000,0,34,0,0,1,1,0,4,1,1,0,1,0,0000000,11,41,99,99,99,99,0,0,0,1,0
17,170883,1,1,0,1,1,1,1,43,2719,1,11,2016,3,6,55,0,2,4,2,4,CR-3 (WARRENVILLE RD),,0,41.80898889,-88.122297220000,0,33,0,0,1,1,0,3,3,1,0,1,0,0000000,6,55,99,99,99,99,0,0,0,1,0
17,170884,2,2,0,0,0,6,6,189,0,5,11,2016,7,22,31,0,1,5,2,4,CR-10 (HEINTZ RD),CR-57  (WASHINGTON CO LINE RD),0,38.30550278,-89.703741670000,0,12,6,0,3,2,0,1,2,1,0,1,0,0000000,22,31,99,99,99,99,0,0,0,1,0
17,170885,2,2,0,0,0,3,3,89,0,5,11,2016,7,17,4,0,1,5,2,4,CR-14 (MEREDITH RD),CR-23 (BEITH RD),0,41.92615278,-88.536980560000,0,12,6,0,2,2,0,1,1,1,0,1,0,0000000,17,4,99,99,99,99,0,0,0,2,0
17,170886,2,2,0,0,0,6,6,143,0,7,11,2016,2,15,27,1,2,3,1,3,SR-29,CEDAR HILLS DR,1288,40.84959167,-89.537188890000,0,12,6,0,2,3,0,1,1,1,0,1,1,0000000,15,27,99,99,99,99,0,0,0,2,0
17,170887,1,1,0,0,0,1,1,189,0,6,11,2016,1,17,0,0,1,6,2,4,CR-1,,0,38.39030833,-89.438133330000,0,34,0,0,1,1,0,4,9,1,0,1,0,0000000,23,5,99,99,88,88,18,0,0,1,1
17,170888,2,2,0,0,0,2,2,15,0,9,11,2016,4,5,20,0,1,5,3,5,ARGO FAY RTE,,0,41.95920833,-90.089608330000,0,12,1,0,8,1,0,1,2,1,0,1,0,0000000,5,21,99,99,88,88,0,0,0,1,0
17,170889,3,3,0,0,0,4,4,91,0,7,11,2016,2,14,3,0,1,7,3,5,3000N RD,,0,41.22881667,-87.819202780000,0,12,2,0,1,1,0,1,1,1,0,1,0,0000000,14,4,99,99,99,99,0,0,0,1,0
17,170890,6,6,0,0,0,8,8,163,6460,8,11,2016,3,21,17,1,2,3,1,2,US-50,SCOTT-TROY RD,285,38.58325278,-89.874088890000,0,12,6,0,2,2,0,1,3,1,0,1,0,0000000,21,17,99,99,99,99,14,0,0,1,0
17,170891,2,2,0,0,0,2,2,31,7278,12,11,2016,7,6,20,0,2,4,4,6,SAUK TRAIL,,0,41.48434444,-87.771663890000,0,12,2,0,1,1,0,1,2,1,0,1,0,0000000,6,24,99,99,99,99,0,0,0,1,0
17,170892,1,1,0,0,0,1,1,3,2517,11,11,2016,6,10,10,0,2,7,4,6,LEVEE RD (S CAPE RD),,0,37.28941111,-89.503313890000,0,1,0,0,1,1,0,4,1,1,0,1,0,0000000,6,23,99,99,88,88,18,0,0,1,1
17,170894,2,2,0,0,0,2,2,101,0,12,11,2016,7,16,34,0,1,5,2,4,CR-3 (1900E),,0,38.77933333,-87.557366670000,0,12,2,0,1,1,0,1,5,1,0,1,0,0000000,16,34,99,99,88,88,0,0,0,2,1
17,170895,1,1,0,1,1,1,1,31,0,12,11,2016,7,17,27,0,2,5,4,6,131ST ST,86TH AVE,0,41.65281667,-87.829872220000,0,8,0,0,2,2,0,1,2,1,0,1,0,0000000,17,27,99,99,99,99,0,0,0,1,0
17,170896,2,2,0,0,0,2,2,63,0,13,11,2016,1,14,36,0,2,6,3,5,JUGTOWN RD,DEERFIELD DR,0,41.31985278,-88.324538890000,0,12,6,0,2,3,0,1,1,1,0,1,0,0000000,14,36,99,99,99,99,0,0,0,1,0
17,170897,1,1,0,0,0,1,1,31,5050,6,11,2016,1,23,9,0,2,4,4,6,55TH ST,JOLIET RD,0,41.79106667,-87.842247220000,0,25,0,0,3,4,0,4,3,1,0,1,0,0000000,23,9,99,99,88,88,0,0,0,1,1
17,170898,1,1,0,1,1,1,1,85,8320,7,11,2016,2,17,43,0,2,5,1,3,SR-78  (MAIN ST),SUMMITT AVE,2013,42.35531667,-90.006752780000,0,8,0,0,3,3,0,1,3,1,0,1,0,0000000,17,45,99,99,99,99,0,0,0,1,0
17,170899,2,1,1,0,1,1,2,89,7640,9,11,2016,4,14,5,0,2,7,4,6,STERN AVE,,0,41.91031944,-88.268675000000,0,59,0,0,1,1,0,4,1,1,0,1,0,0000000,14,6,99,99,99,99,0,0,0,1,1
17,170900,2,2,0,0,0,2,2,75,0,9,11,2016,4,14,35,0,1,7,2,4,CR-300 (E 300N RD),CR-1300 (N 1300E RD),0,40.52951389,-87.880094440000,0,12,6,0,2,2,0,1,1,1,0,1,0,0000000,14,35,99,99,99,99,0,0,0,1,0
17,170901,2,2,0,0,0,5,5,89,512,3,11,2016,5,18,56,1,2,3,1,3,SR-25  (ELGIN RD),SILVERSTONE DR,346,42.14283889,-88.257702780000,0,12,6,0,3,3,0,1,2,1,0,1,0,0000000,18,56,99,99,99,99,0,0,0,1,1
17,170902,1,1,0,0,0,1,1,111,0,14,11,2016,2,1,50,0,1,5,2,4,CR-V24 (GREENWOOD RD),,0,42.41758333,-88.378425000000,0,32,0,0,1,1,0,4,2,1,0,1,0,0000000,1,51,99,99,88,88,0,0,0,1,0
17,170903,2,2,0,0,0,2,2,91,0,14,11,2016,2,14,26,1,1,3,1,3,SR-17,PEMBROKE BLACKTOP,2803,41.12793333,-87.673577780000,0,12,6,0,2,3,0,1,1,1,0,1,0,0000000,14,26,99,99,88,88,0,0,0,1,0
17,170904,1,1,0,0,0,3,3,89,8100,13,11,2016,1,5,39,0,2,4,1,3,SR-31,,223,41.97397778,-88.306397220000,0,42,0,0,1,1,0,4,2,1,0,1,0,0000000,5,39,99,99,88,88,0,0,0,2,1
17,170905,1,1,0,0,0,1,1,31,1670,11,11,2016,6,1,55,1,2,1,1,1,I-90 (CHICAGO SKYWAY),,1017,41.76608611,-87.608322220000,0,38,0,0,1,1,0,4,3,1,0,1,0,0000000,1,57,99,99,99,99,0,0,0,1,1
17,170906,3,3,0,0,0,4,4,85,0,10,11,2016,5,11,6,0,1,5,2,4,CR-3 (STAGECOACH TRAIL),,0,42.49574167,-90.056775000000,0,12,8,0,1,1,0,1,1,1,0,1,0,0000000,11,6,99,99,99,99,0,0,0,3,0
17,170907,1,1,0,1,1,1,1,163,3200,15,11,2016,3,22,46,1,2,3,1,3,SR-13,,170,38.41015000,-89.908950000000,0,8,0,0,1,1,0,1,2,1,0,1,0,0000000,22,46,99,99,88,88,0,0,0,1,0
17,170908,1,1,0,0,0,1,1,77,0,15,11,2016,3,13,33,0,1,7,3,5,POWER PLANT RD,,0,37.65089444,-89.482108330000,0,32,0,0,1,1,0,4,1,1,0,1,0,0000000,13,33,99,99,99,99,0,0,0,1,0
17,170909,1,1,0,0,0,2,2,31,1185,12,11,2016,7,3,11,0,2,4,4,6,79TH ST,,0,41.74861944,-87.772483330000,0,30,0,0,1,1,0,4,3,1,0,1,0,0000000,3,11,99,99,99,99,0,0,0,2,1
17,170910,2,2,0,0,0,4,4,85,0,17,9,2016,7,22,21,0,1,7,3,5,PEA RIDGE RD,,0,42.47162222,-90.217402780000,0,12,8,0,1,1,0,1,2,1,0,1,0,0000000,22,21,99,99,99,99,0,0,0,1,0
17,170911,1,1,0,0,0,1,1,113,0,26,9,2016,2,14,20,0,1,4,1,2,US-136,,1614,40.31078333,-88.517491670000,0,32,0,0,1,1,0,4,1,1,0,1,0,0000000,14,24,99,99,99,99,0,0,0,1,0
17,170912,1,1,0,0,0,1,1,197,7491,20,9,2016,3,15,40,0,2,4,4,6,135TH ST (ROMEO RD),SR-53 (INDEPENDENCE BLVD),0,41.64013611,-88.080530560000,0,1,0,0,3,2,0,1,1,1,0,1,0,0000000,15,40,99,99,99,99,0,0,0,1,0
17,170913,1,1,0,0,0,1,1,157,0,28,10,2016,6,22,13,0,1,5,2,4,CR-1 (PALESTINE RD),,0,37.94484722,-89.820330560000,0,34,0,0,1,1,0,4,2,1,0,1,0,0000000,22,13,99,99,99,99,20,0,0,1,0
17,170914,1,1,0,0,0,1,1,31,9380,29,10,2016,7,14,27,0,2,4,4,6,EAST LAKE AVE,,0,42.07957500,-87.762825000000,0,42,0,0,8,1,0,4,1,10,0,10,0,0000000,14,28,99,99,99,99,0,0,0,1,0
17,170915,1,1,0,1,1,1,1,51,0,5,11,2016,7,3,1,0,1,5,1,2,US-40,,812,39.01813333,-88.867177780000,0,8,0,0,1,1,0,1,2,1,0,1,0,0000000,3,1,99,99,99,99,19,0,0,1,0
17,170916,2,2,0,0,0,2,2,199,5250,16,11,2016,4,14,23,1,2,3,1,3,SR-13 (DEYOUNG ST),N VICKSBURG,1040,37.74088889,-88.936197220000,0,12,6,0,2,2,0,1,1,1,0,1,0,0000000,14,23,99,99,99,99,0,0,0,1,0
17,170917,2,2,0,0,0,2,2,43,0,15,11,2016,3,23,3,1,2,3,1,3,SR-38 (ROOSEVELT RD),GARYS MILL RD,736,41.85818056,-88.182155560000,0,12,1,0,3,2,0,1,3,1,0,1,0,0000000,23,3,99,99,99,99,0,0,0,1,0
17,170918,1,1,0,1,1,2,2,31,0,17,11,2016,5,18,28,0,2,5,4,6,CHICAGO AVE,,0,41.89339722,-87.848002780000,0,8,0,0,1,1,0,1,3,1,0,1,0,0000000,18,28,99,99,99,99,0,0,0,1,0
17,170919,2,2,0,0,0,2,2,81,0,18,11,2016,6,0,19,1,1,1,1,1,I-64,,879,38.27645000,-88.756469440000,0,12,1,0,1,1,0,1,2,1,0,1,0,0000000,0,19,99,99,88,88,0,0,0,1,0
17,170920,1,1,0,0,0,1,1,31,9210,2,11,2016,4,0,18,0,2,4,4,6,GILBERT AVE,COSSITT AVE,0,41.81105833,-87.889127780000,0,30,0,0,3,3,0,4,3,1,0,1,0,0000000,0,18,99,99,99,99,0,0,0,1,1
17,170921,1,1,0,1,1,1,1,31,1670,26,9,2016,2,7,50,0,2,5,4,6,DAMEN AVE,ADDISON ST,0,41.94686389,-87.678536110000,0,9,0,0,2,2,0,1,1,1,0,1,0,0000000,7,50,99,99,88,88,0,0,0,1,0
17,170922,1,1,0,1,1,1,1,31,540,6,9,2016,3,6,20,1,2,3,1,2,US-20  (LAKE ST),,1503,42.00214167,-88.177658330000,0,8,0,0,1,1,0,1,1,1,0,1,0,0000000,6,20,99,99,99,99,19,23,0,1,0
17,170923,1,1,0,1,1,1,1,31,2890,20,9,2016,3,8,22,0,2,5,4,6,CENTRAL PARK,93RD ST,0,41.72426389,-87.711683330000,0,9,0,0,2,2,0,1,1,1,0,1,0,0000000,8,22,99,99,99,99,16,0,0,1,0
17,170924,1,1,0,0,0,1,1,143,0,4,10,2016,3,20,34,1,2,3,1,3,SR-29 (N GALENA RD),FIARVIEW ST,1252,40.80563056,-89.572036110000,0,59,0,0,3,2,0,4,2,1,0,1,0,0000000,20,34,99,99,99,99,0,0,0,1,0
17,170925,1,1,0,1,1,1,1,197,4300,8,11,2016,3,18,14,0,2,7,4,6,JACKSON ST,EASTERN AVE,0,41.53157778,-88.074927780000,0,8,0,0,3,2,0,1,2,1,0,1,0,0000000,18,14,99,99,99,99,0,0,0,1,0
17,170926,1,1,0,0,0,1,1,97,0,24,10,2016,2,22,12,0,2,4,3,5,NORTH AVE,BURNING BUSH LN,0,42.49538056,-88.049547220000,0,42,0,0,3,3,0,4,2,1,0,1,0,0000000,22,12,99,99,88,88,0,0,0,1,1
17,170927,1,1,0,0,0,1,1,31,1670,4,10,2016,3,19,26,0,2,5,4,6,OGDEN AVE,,0,41.84709167,-87.735980560000,0,33,0,0,1,1,0,4,5,10,0,10,0,0000000,19,27,99,99,88,88,0,0,0,1,0
17,170928,1,1,0,0,0,2,2,31,1670,2,10,2016,1,17,30,1,2,1,1,1,I-94,,0,41.73310833,-87.624208330000,0,25,0,0,5,1,0,4,1,1,0,1,0,0000000,17,55,99,99,99,99,0,0,0,1,0
17,170929,1,1,0,0,0,1,1,31,1670,28,10,2016,6,23,20,0,2,7,4,6,W 106TH ST,GREEN ST,0,41.70144722,-87.643858330000,0,30,0,0,3,2,0,4,3,1,0,1,0,0000000,23,25,99,99,88,88,0,0,0,1,0
17,170930,2,1,1,0,0,2,2,31,3790,5,10,2016,4,4,48,1,2,3,1,3,SR-83 (SIBLEY RD),,124,41.62261667,-87.632208330000,0,42,0,0,1,1,0,4,3,1,0,1,0,0000000,4,50,99,99,99,99,0,0,0,1,0
17,170931,1,1,0,1,1,1,1,31,1670,8,10,2016,7,16,28,1,2,3,1,2,US-14,US-41,662,41.99037500,-87.707366670000,0,8,0,0,3,2,0,1,1,1,0,1,0,0000000,16,28,99,99,99,99,0,0,0,1,0
17,170932,1,1,0,0,0,1,1,31,1670,23,10,2016,1,3,53,1,2,3,1,2,US-41 (LAKE SHORE DR),,187,41.93775000,-87.634966670000,0,33,0,0,1,1,0,4,3,1,0,1,0,0000000,3,53,99,99,88,88,0,0,0,1,1
17,170933,1,1,0,1,1,1,1,31,1670,29,10,2016,7,13,57,0,2,4,4,6,106TH ST,EWING AVE,0,41.70274444,-87.535266670000,0,15,0,0,2,2,0,1,1,1,0,1,0,0000000,14,5,99,99,99,99,0,0,0,1,0
17,170934,1,1,0,1,1,1,1,31,1185,6,10,2016,5,7,22,0,2,4,4,6,79TH,LECLAIRE AVE,0,41.74902500,-87.748550000000,0,8,0,0,3,2,0,1,4,2,0,2,0,0000000,7,24,99,99,99,99,0,0,0,1,0
17,170935,1,1,0,0,0,1,1,143,6850,10,10,2016,2,21,46,1,2,3,1,3,SR-40 (KNOXVILLE AVE),PROSPECT RD,64,40.75970833,-89.593947220000,0,1,0,0,3,3,0,3,2,1,0,1,0,0000000,21,47,99,99,99,99,0,0,0,1,0
17,170936,1,1,0,0,0,2,2,89,0,22,10,2016,7,9,25,0,1,4,2,4,CR-28 (PLANK RD),LAWRENCE RD,0,42.04713889,-88.572933330000,0,30,0,0,1,1,0,4,1,1,0,1,0,0000000,9,26,99,99,99,99,0,0,0,1,0
17,170937,1,1,0,0,0,1,1,189,0,17,11,2016,5,12,17,0,1,4,1,3,SR-160  (SR-170),,78,38.43003056,-89.570891670000,0,38,0,0,1,1,0,4,1,1,0,1,0,0000000,12,17,99,99,99,99,0,0,0,1,0
17,170938,2,2,0,0,0,4,4,31,1670,3,11,2016,5,4,0,1,2,3,4,6,WESTERN AVE,LOGAN BLVD,0,41.92864444,-87.687780560000,0,12,6,0,2,2,0,1,3,1,0,1,0,0000000,4,10,99,99,99,99,0,0,0,1,0
17,170939,1,1,0,0,0,1,1,143,0,12,11,2016,7,9,12,0,1,7,3,5,SMITHVILLE RD,,0,40.63988056,-89.939600000000,0,43,0,0,1,1,0,5,9,99,0,99,0,0000000,9,12,99,99,88,88,0,0,0,1,1
17,170942,2,2,0,0,0,3,3,31,1670,6,11,2016,1,7,44,0,2,5,4,6,INDEPENDENCE (HAMLIN),CONGRESS PKWY,0,41.87443056,-87.720408330000,0,12,6,1,2,2,0,1,1,1,0,1,0,0000000,7,50,99,99,99,99,0,0,0,1,0
17,170943,1,1,0,1,1,1,1,163,120,6,11,2016,1,3,34,1,2,3,1,3,SR-15 (MISSOURI AVE),,31,38.59694167,-90.124444440000,0,8,0,0,1,1,0,1,2,1,0,1,0,0000000,3,39,99,99,88,88,0,0,0,1,0
17,170944,1,1,0,2,2,1,1,31,1670,13,11,2016,1,16,5,0,2,4,4,6,CENTRAL AVE,GIDDINGS AVE,0,41.96638333,-87.767444440000,0,8,0,0,2,3,0,1,2,1,0,1,0,0000000,16,15,99,99,99,99,0,0,0,1,0
17,170945,1,1,0,0,0,2,2,81,2368,17,7,2016,1,11,0,1,1,1,1,1,I-57 (KEN GRAY EXPRESSWAY),,1036,38.44258333,-88.953227780000,0,24,0,0,1,1,2,4,1,1,0,1,0,0000000,11,2,99,99,99,99,2,3,0,1,0
17,170946,3,3,0,1,1,3,3,201,7460,29,10,2016,7,5,46,0,2,4,4,6,SANDY HOLLOW RD,,0,42.22342500,-89.070475000000,0,8,0,0,1,1,0,1,3,1,0,1,0,0000000,5,46,99,99,88,88,0,0,0,1,0
17,170947,1,1,0,1,1,2,2,31,1670,14,11,2016,2,10,20,1,2,3,1,6,STONY ISLAND AVE,E 88TH ST,0,41.73508056,-87.585588890000,0,8,0,0,2,2,0,1,1,1,0,1,0,0000000,10,24,99,99,99,99,0,0,0,1,0
17,170948,3,3,0,0,0,3,3,111,0,16,11,2016,4,6,51,1,1,3,1,3,SR-176,FRANKLINVILLE RD,49,42.25512222,-88.511111110000,0,12,1,0,2,3,0,1,4,1,0,1,0,0000000,6,51,99,99,99,99,0,0,0,1,0
17,170949,2,2,0,0,0,2,2,163,9040,19,9,2016,2,18,39,1,2,3,1,3,SR-111 (KINGS HIGHWAY),,19,38.62755278,-90.093058330000,0,12,1,0,1,1,0,1,1,1,0,1,0,0000000,18,39,99,99,99,99,0,0,0,1,0
17,170950,2,1,1,0,1,1,2,113,6230,9,11,2016,4,14,33,1,2,1,1,1,I-55,,1669,40.53861111,-88.953447220000,0,45,0,0,1,1,2,2,1,1,0,1,0,0000000,14,33,99,99,99,99,3,0,0,1,1
17,170951,2,2,0,0,0,2,2,161,5670,12,11,2016,7,16,48,1,2,3,1,3,SR-92 (6TH ST),12TH ST,337,41.50380833,-90.519638890000,0,12,6,0,2,2,0,1,1,1,0,1,0,0000000,16,48,99,99,99,99,0,0,0,1,0
17,170952,1,1,0,1,1,1,1,19,7690,17,11,2016,5,18,25,0,2,7,4,2,US-150  (WARREN ST),3RD ST,1968,40.11316389,-88.040461110000,0,8,0,0,3,2,0,1,3,1,0,1,0,0000000,18,25,99,99,99,99,0,0,0,1,0
17,170953,2,2,0,0,0,2,2,19,1550,19,11,2016,7,17,0,0,2,4,4,6,BRADLEY AVE,ELM ST,0,40.12719167,-88.250161110000,0,12,6,0,3,2,0,1,5,1,0,1,0,0000000,17,0,99,99,99,99,0,0,0,1,0
17,170954,1,1,0,1,1,3,3,31,1670,29,10,2016,7,10,48,0,2,7,4,6,45TH ST,CALIFORNIA AVE,0,41.81191667,-87.694177780000,0,8,0,0,3,2,0,1,1,1,0,1,0,0000000,10,50,99,99,99,99,0,0,0,1,0
17,170955,3,3,0,1,1,3,3,31,540,12,9,2016,2,21,33,1,2,3,1,2,US-20  (LAKE ST),ROMA JEAN PKY,1503,42.00226389,-88.178188890000,0,8,0,0,3,2,0,1,2,1,0,1,0,0000000,21,33,99,99,88,88,0,0,0,1,0
17,170956,2,2,0,0,0,2,2,97,6290,7,11,2016,2,13,30,1,2,3,1,2,US-41 (SKOKIE HWY),CR-54 (ML KING JR DR),504,42.31958333,-87.880338890000,0,12,6,0,2,2,0,1,1,1,0,1,0,0000000,13,30,99,99,99,99,0,0,0,1,0
17,170957,2,2,0,0,0,2,2,31,0,18,11,2016,6,6,1,1,2,3,1,3,SR-59 (SUTTON RD),SR-72  (HIGGINS RD),400,42.07531944,-88.189694440000,0,12,1,0,3,2,0,1,3,1,0,1,0,0000000,6,1,99,99,99,99,0,0,0,1,1
17,170958,1,1,0,1,1,1,1,111,0,19,11,2016,7,23,10,1,2,3,1,3,SR-47,,1594,42.35255833,-88.443569440000,0,8,0,0,1,1,0,1,2,1,0,1,0,0000000,23,10,99,99,88,88,0,0,0,1,0
17,170959,3,3,0,0,0,3,3,31,0,21,11,2016,2,2,10,1,2,3,1,2,US-12 (US-45)  MANNHEIM RD,,518,41.92358333,-87.884391670000,0,12,6,0,8,1,0,1,2,1,0,1,0,0000000,2,10,99,99,99,99,0,0,0,1,0
17,170960,1,1,0,0,0,1,1,87,6083,22,11,2016,3,18,45,0,1,6,3,5,CREAL SPRINGS RD,,0,37.54887778,-88.848641670000,0,53,0,0,1,1,0,4,2,1,0,1,0,0000000,19,12,99,99,88,88,0,0,0,1,0