STATE,ST_CASE,VE_TOTAL,VE_FORMS,PVH_INVL,PEDS,PERNOTMVIT,PERMVIT,PERSONS,COUNTY,CITY,DAY,MONTH,YEAR,DAY_WEEK,HOUR,MINUTE,NHS,RUR_URB,FUNC_SYS,RD_OWNER,ROUTE,TWAY_ID,TWAY_ID2,MILEPT,LATITUDE,LONGITUD,SP_JUR,HARM_EV,MAN_COLL,RELJCT1,RELJCT2,TYP_INT,WRK_ZONE,REL_ROAD,LGT_COND,WEATHER1,WEATHER2,WEATHER,SCH_BUS,RAIL,NOT_HOUR,NOT_MIN,ARR_HOUR,ARR_MIN,HOSP_HR,HOSP_MN,CF1,CF2,CF3,FATALS,DRUNK_DR
17,170961,2,2,0,0,0,2,2,111,0,23,11,2016,4,18,43,1,2,3,1,2,US-20  (GRANT HWY),CR-31  (HARMOND RD),1269,42.16088333,-88.526750000000,0,12,6,0,3,2,0,1,3,2,0,2,0,0000000,18,43,99,99,99,99,0,0,0,1,0
17,170964,1,1,0,0,0,1,1,201,0,23,11,2016,4,22,38,0,1,5,2,4,CR-28  (AUBURN RD),,0,42.29683611,-89.210761110000,0,34,0,0,1,1,0,4,2,1,0,1,0,0000000,22,38,99,99,88,88,0,0,0,1,1
17,170965,2,2,0,0,0,2,2,201,5000,26,11,2016,7,6,0,0,2,5,4,6,RIVERSIDE BLVD,PAULSON RD,0,42.31933889,-88.945333330000,0,12,6,0,2,2,0,1,2,1,0,1,0,0000000,6,3,99,99,99,99,0,0,0,1,0
17,170966,1,1,0,0,0,1,1,117,0,22,11,2016,3,22,8,1,1,3,1,3,SR-16 (8000N),,306,39.11650278,-90.109222220000,0,24,0,0,1,1,0,4,2,2,0,2,0,0000000,22,10,99,99,88,88,0,0,0,1,1
17,170968,1,1,0,1,1,1,1,31,1670,20,11,2016,1,4,1,1,2,3,4,6,LA SALLE ST,CHICAGO AVE,0,41.89663611,-87.632797220000,0,8,0,0,2,2,0,1,3,1,0,1,0,0000000,4,1,99,99,99,99,0,0,0,1,0
17,170969,2,2,0,0,0,2,2,177,0,29,11,2016,3,19,31,1,1,3,1,3,SR-26  (ONECO RD),,1373,42.48184444,-89.659325000000,0,12,2,0,1,1,0,1,2,1,0,1,0,0000000,19,36,99,99,99,99,0,0,0,1,1
17,170970,1,1,0,1,1,1,1,31,4680,29,11,2016,3,17,0,0,2,5,4,6,WENTWORTH AVE,LAKE ST,0,41.56535833,-87.529619440000,0,8,0,0,3,2,0,1,3,1,0,1,0,0000000,17,0,99,99,99,99,0,0,0,1,1
17,170971,3,3,0,0,0,3,3,93,0,26,11,2016,7,14,49,1,1,3,1,3,SR-71,,518,41.53974722,-88.569408330000,0,12,8,0,1,1,0,1,1,1,0,1,0,0000000,14,50,99,99,88,88,0,0,0,1,0
17,170972,2,2,0,0,0,2,2,111,0,28,11,2016,2,19,5,1,1,3,1,2,US-20 (GRANT HWY),HARMONY RD,1269,42.16088333,-88.526750000000,0,12,6,0,2,2,0,1,2,2,0,2,0,0000000,19,5,99,99,99,99,0,0,0,1,1
17,170973,1,1,0,2,2,1,1,77,0,25,11,2016,6,19,13,0,1,5,3,5,AIRPORT RD,,0,37.76758333,-89.227119440000,0,8,0,0,1,1,0,1,2,1,0,1,0,0000000,19,13,99,99,99,99,23,0,0,1,0
17,170974,1,1,0,0,0,2,2,89,0,24,11,2016,5,11,25,1,2,1,1,1,I-88,,1082,41.82685556,-88.478586110000,0,31,0,0,1,1,0,3,1,1,0,1,0,0000000,11,25,99,99,99,99,0,0,0,2,0
17,170975,2,2,0,0,0,3,3,31,8030,17,11,2016,5,3,52,0,1,4,4,6,GOLF RD,TRIPP AVE,0,42.05525278,-87.733516670000,0,12,6,0,2,2,0,1,3,1,0,1,0,0000000,3,52,99,99,99,99,0,0,0,1,1
17,170976,2,2,0,0,0,3,3,31,3100,27,11,2016,1,3,21,1,2,1,1,1,I-290 (SR-110) EISENHOWER EXPW,,201,41.87136944,-87.832002780000,0,12,1,0,1,1,0,1,3,1,0,1,0,0000000,3,21,99,99,99,99,0,0,0,1,1
17,170977,2,2,0,0,0,2,2,31,2270,10,11,2016,5,6,2,0,2,3,4,6,LAKE COOK RD (COUNTY LINE),QUENTIN RD (CR-5),0,42.15386667,-88.062858330000,0,12,6,0,2,2,0,1,1,1,0,1,0,0000000,6,2,99,99,99,99,0,0,0,1,0
17,170978,1,1,0,1,1,1,1,31,1670,30,11,2016,4,10,27,1,2,3,4,6,CONGRESS PARKWAY,LASALLE,0,41.87569722,-87.631527780000,0,8,0,0,3,2,0,1,1,1,0,1,0,0000000,10,27,99,99,99,99,0,0,0,1,0
17,170979,1,1,0,0,0,2,2,31,1670,21,11,2016,2,11,10,0,2,4,4,6,KEDZIE AVE,,0,41.91927778,-87.707025000000,0,42,0,0,1,1,0,3,1,1,0,1,0,0000000,11,12,99,99,99,99,0,0,0,1,1
17,170981,3,3,0,0,0,4,4,97,9100,24,11,2016,5,14,13,0,2,4,4,6,LEWIS AVE,PARTRIDGE ST,0,42.40275556,-87.855091670000,0,12,6,0,2,3,0,1,1,1,0,1,0,0000000,14,13,99,99,99,99,0,0,0,1,0
17,170982,3,3,0,0,0,3,3,31,1680,18,11,2016,6,16,16,1,2,3,1,2,US-30 (LINCOLN HWY)(14TH ST),STATE ST,1475,41.50619444,-87.616177780000,0,12,6,0,2,2,0,1,3,10,0,10,0,0000000,16,16,99,99,99,99,0,0,0,1,1
17,170983,2,2,0,0,0,3,3,43,0,2,12,2016,6,0,56,1,2,1,1,1,I-88,,1255,41.80649167,-88.157325000000,0,12,2,0,1,1,0,1,3,2,0,2,0,0000000,0,56,99,99,88,88,0,0,0,3,0
17,170984,1,1,0,0,0,1,1,89,2690,3,12,2016,7,9,30,1,2,2,1,2,US-20,,1442,42.02230000,-88.288269440000,0,42,0,0,1,1,0,4,1,1,0,1,0,0000000,9,30,99,99,99,99,0,0,0,1,1
17,170985,2,2,0,0,0,2,2,19,0,4,12,2016,1,17,21,1,1,1,1,1,I-57,,2386,40.16066111,-88.267069440000,0,12,1,0,1,1,0,1,2,5,0,5,0,0000000,17,22,99,99,99,99,19,0,0,1,0
17,170986,2,2,0,0,0,2,2,189,0,2,12,2016,6,11,57,1,1,1,1,1,I-64,,521,38.38980556,-89.333269440000,0,12,6,0,1,1,0,1,1,1,0,1,0,0000000,0,1,99,99,88,88,18,23,19,1,1
17,170987,2,2,0,0,0,2,2,201,7495,5,12,2016,2,11,35,1,2,1,1,1,I-39 (I-90),,31,42.45099444,-88.994533330000,0,12,2,0,1,1,0,1,1,5,0,5,0,0000000,11,35,99,99,99,99,0,0,0,1,0
17,170988,1,1,0,1,1,1,1,31,2330,2,12,2016,6,17,23,0,2,4,4,6,THACKER ST,CENTER ST,0,42.03713889,-87.889805560000,0,8,0,0,3,4,0,1,3,1,0,1,0,0000000,17,24,99,99,99,99,0,0,0,1,0
17,170989,2,2,0,0,0,3,3,129,0,6,12,2016,3,13,45,0,1,4,1,3,SR-97 (SR-123),,214,39.99594444,-89.846169440000,0,12,6,0,1,1,0,1,1,1,0,1,0,0000000,13,58,99,99,99,99,0,0,0,1,0
17,170990,3,2,1,0,0,5,5,103,0,7,12,2016,4,1,54,1,1,1,1,1,I-39 (US-51),,928,41.83080278,-89.010127780000,0,14,0,0,1,1,0,2,2,1,0,1,0,0000000,1,54,99,99,99,99,14,0,0,2,1
17,170991,2,1,1,0,1,1,2,31,1670,4,12,2016,1,2,56,1,2,1,1,1,I-94 E/B,,562,41.81642778,-87.630738890000,0,14,0,1,19,1,0,2,3,1,0,1,0,0000000,2,56,99,99,88,88,0,0,0,2,1
17,170992,2,2,0,0,0,2,2,19,0,6,12,2016,3,17,49,0,1,4,1,2,US-45,,2353,39.96270278,-88.265950000000,0,12,2,0,1,1,0,1,2,1,0,1,0,0000000,17,50,99,99,99,99,0,0,0,2,0
17,170993,1,1,0,0,0,2,2,97,9100,1,12,2016,5,18,0,0,2,7,4,6,CONCORD LN,,0,42.40896667,-87.914444440000,0,16,0,0,1,1,0,1,3,10,0,10,0,0000000,18,0,99,99,99,99,0,0,0,1,0
17,170994,1,1,0,0,0,1,1,119,0,10,12,2016,7,6,14,1,2,1,1,1,I-255,,266,38.75149167,-90.043447220000,0,34,0,0,1,1,0,4,2,1,0,1,0,0000000,6,14,99,99,88,88,0,0,0,1,0
17,170995,1,1,0,0,0,4,4,31,1670,3,12,2016,7,23,55,1,2,1,1,1,I-90 (I-94)(DAN RYAN EXPWY),,533,41.85248611,-87.645211110000,0,25,0,0,1,1,0,4,3,1,0,1,0,0000000,22,56,99,99,99,99,0,0,0,1,0
17,170997,1,1,0,0,0,1,1,167,0,12,12,2016,2,6,56,1,2,1,1,1,I-55,,888,39.69596944,-89.642319440000,0,24,0,0,1,1,0,4,3,10,0,10,0,0000000,6,56,99,99,88,88,0,0,0,1,1
17,170998,2,2,0,0,0,4,4,163,0,9,12,2016,6,12,14,1,2,3,1,3,SR-158,,104,38.49767500,-90.019958330000,0,12,2,0,1,1,0,1,1,1,0,1,0,0000000,12,14,99,99,99,99,0,0,0,3,0
17,170999,1,1,0,0,0,2,2,89,0,29,10,2016,7,5,19,0,2,4,2,4,CR-24 (JERICHO RD),,0,41.73440556,-88.473130560000,0,42,0,0,1,1,0,4,2,1,0,1,0,0000000,5,19,99,99,99,99,0,0,0,1,1
17,171000,2,2,0,0,0,2,2,197,0,8,12,2016,5,14,10,1,2,3,1,2,US-45 (96TH AVE)(LAGRANGE RD),,3496,41.46429444,-87.884141670000,0,12,2,0,1,1,0,1,1,1,0,1,0,0000000,14,15,99,99,99,99,0,0,0,1,0
17,171002,1,1,0,0,0,2,2,167,0,13,12,2016,3,8,28,0,1,4,1,3,SR-29,,575,39.95655833,-89.675172220000,0,1,0,0,1,1,0,4,1,4,0,4,0,0000000,8,28,99,99,99,99,0,0,0,1,0
17,171003,1,1,0,1,1,1,1,161,5670,12,12,2016,2,7,54,1,2,3,1,3,SR-92 (6TH ST),26TH ST,348,41.50919444,-90.500405560000,0,8,0,0,2,2,0,1,1,1,0,1,0,0000000,7,54,99,99,99,99,0,0,0,1,0
17,171004,1,1,0,0,0,3,3,97,7560,14,12,2016,4,20,52,0,2,4,2,4,CR-24 (HAINESVILLE RD),CLARENDON DR,0,42.37806389,-88.064119440000,0,1,0,0,1,1,0,4,3,1,0,1,0,0000000,20,52,99,99,99,99,20,0,0,1,0
17,171005,1,1,0,0,0,2,2,109,5100,28,7,2016,5,18,40,0,2,7,4,6,HAWTHORN RDG,,0,40.47240278,-90.655852780000,0,7,0,0,1,1,0,1,1,1,0,1,0,0000000,18,43,99,99,99,99,0,0,0,1,0
17,171006,12,1,11,0,0,5,5,31,7100,15,12,2016,5,2,56,0,2,7,4,6,HARRISON AVE,,0,41.63267778,-87.687638890000,0,14,0,0,1,1,0,7,2,1,0,1,0,0000000,2,56,99,99,99,99,14,0,0,3,1
17,171007,1,1,0,0,0,1,1,25,0,17,12,2016,7,2,0,0,1,7,2,4,CR-2000N (ATHENS LN),,0,38.89795556,-88.404688890000,0,1,0,0,1,1,0,4,2,4,0,4,0,0000000,8,14,99,99,88,88,18,0,0,1,0
17,171008,1,1,0,0,0,1,1,201,7460,29,10,2016,7,10,5,0,2,4,4,6,LONGWOOD ST,,0,42.27654444,-89.079533330000,0,33,0,0,5,1,0,4,1,1,0,1,0,0000000,10,6,99,99,99,99,0,0,0,1,0
17,171009,2,2,0,0,0,3,3,119,0,17,12,2016,7,15,0,1,2,1,1,1,I-255,,1,38.75844722,-90.043552780000,0,34,0,0,1,1,0,3,1,3,0,3,0,0000000,15,0,99,99,99,99,0,0,0,1,0
17,171010,2,2,0,0,0,3,3,189,0,16,12,2016,6,18,44,0,1,5,1,3,SR-153,,133,38.29177778,-89.611441670000,0,12,2,0,1,1,0,1,2,2,0,2,0,0000000,18,44,99,99,99,99,0,0,0,1,0
17,171011,2,2,0,0,0,2,2,113,0,18,12,2016,1,2,44,1,1,3,1,2,US-136 (DIXIE RD),,1221,40.31074167,-89.260125000000,0,12,2,0,1,1,0,1,2,4,0,4,0,0000000,2,44,99,99,99,99,0,0,0,1,2
17,171012,1,1,0,0,0,2,2,31,5044,18,12,2016,1,12,35,1,2,3,1,2,US-30 (LINCOLN HWY),,1513,41.50650556,-87.542344440000,0,3,0,0,1,1,0,5,1,1,0,1,0,0000000,12,35,99,99,88,88,0,0,0,2,0
17,171013,1,1,0,0,0,1,1,115,0,19,12,2016,2,13,57,0,1,7,3,5,PLEASANT VIEW RD,,0,39.67576389,-89.120766670000,0,30,0,0,1,1,0,4,1,1,0,1,0,0000000,14,0,14,12,88,88,0,0,0,1,0
17,171014,2,2,0,0,0,2,2,91,0,20,12,2016,3,2,34,0,1,4,1,3,SR-50,CR-11000N,131,41.27993333,-87.817911110000,0,73,0,0,3,2,0,1,2,1,0,1,0,0000000,2,34,99,99,88,88,0,0,0,1,1
17,171015,4,4,0,0,0,4,4,111,0,15,12,2016,5,15,12,1,1,3,1,3,SR-176,MILLSTREAM RD,25,42.25514722,-88.559808330000,0,12,6,0,2,2,0,1,1,1,0,1,0,0000000,15,12,99,99,88,88,14,0,0,2,0
17,171016,2,2,0,0,0,4,4,163,0,18,12,2016,1,23,39,0,1,4,1,3,SR-158,,85,38.47973611,-90.043855560000,0,12,2,0,1,1,0,1,2,1,0,1,0,0000000,23,39,99,99,99,99,0,0,0,1,1
17,171017,2,2,0,0,0,2,2,197,887,20,12,2016,3,3,23,1,2,1,1,1,I-55,,2668,41.68299444,-88.071866670000,0,12,1,1,18,1,0,1,3,1,0,1,0,0000000,3,23,99,99,99,99,0,0,0,1,0
17,171018,2,2,0,0,0,3,3,51,0,21,12,2016,4,16,10,0,1,5,2,4,CR-24 (2800N,CR-26 (1400E),0,39.14302500,-88.992208330000,0,12,6,0,2,2,0,1,5,1,0,1,0,0000000,16,15,99,99,99,99,0,0,0,1,0
17,171019,1,1,0,0,0,1,1,79,0,21,12,2016,4,17,3,0,1,5,2,4,CR-5 (900TH),,0,38.97966389,-88.240550000000,0,34,0,0,1,1,0,4,5,1,0,1,0,0000000,17,16,99,99,88,88,0,0,0,1,0
17,171020,2,2,0,0,0,2,2,7,0,18,12,2016,1,11,55,0,1,6,3,5,MARENGO RD,GRANGE HALL RD,0,42.27689444,-88.803113890000,0,12,6,0,2,2,0,1,1,1,0,1,0,0000000,11,55,99,99,99,99,0,0,0,1,1
17,171021,2,2,0,0,0,8,8,167,0,22,12,2016,5,16,15,0,1,4,1,3,SR-125,,319,39.86298333,-89.881955560000,0,12,2,0,1,1,0,1,5,1,0,1,0,0000000,16,17,99,99,99,99,0,0,0,1,0
17,171022,2,2,0,0,0,3,3,195,0,23,12,2016,6,11,10,0,2,4,1,2,US-30 (ROCK FALLS RD),,309,41.75811389,-89.631752780000,0,12,6,0,1,1,0,1,1,1,0,1,0,0000000,11,15,99,99,99,99,0,0,0,1,0
17,171023,1,1,0,1,1,2,2,31,5040,22,12,2016,5,19,31,0,2,4,4,6,39TH (PERSHING RD),POWELL AVE,0,41.82115278,-87.804697220000,0,8,0,0,3,2,0,1,2,10,0,10,0,0000000,19,31,99,99,88,88,0,0,0,1,0
17,171024,2,2,0,0,0,2,2,19,7690,22,12,2016,5,18,32,1,2,1,1,1,I-74,,1935,40.12009167,-88.018980560000,0,12,1,0,1,1,0,1,2,1,0,1,0,0000000,18,32,99,99,99,99,0,0,0,1,0
17,171025,1,1,0,1,1,3,3,119,7073,22,12,2016,5,19,3,1,2,3,1,3,SR-111,,55,38.67298889,-90.080161110000,0,8,0,0,1,1,0,1,2,1,0,1,0,0000000,19,3,99,99,99,99,19,0,0,1,0
17,171026,2,2,0,0,0,4,4,117,0,23,12,2016,6,16,45,1,1,3,1,3,SR-16,SPANISH NEEDLE RD,435,39.12900833,-89.886419440000,0,12,6,0,3,2,0,1,2,2,0,2,0,0000000,16,48,99,99,99,99,0,0,0,1,0
17,171027,1,1,0,0,0,1,1,183,0,24,12,2016,7,0,29,0,1,7,3,5,3700N,,0,40.39974167,-87.895825000000,0,1,0,0,1,1,0,1,2,5,0,5,0,0000000,0,29,99,99,88,88,0,0,0,1,1
17,171028,1,1,0,1,1,1,1,197,4300,25,12,2016,1,5,26,1,2,3,1,3,SR-53 (CHICAGO ST),,269,41.48122500,-88.080269440000,0,8,0,0,1,1,0,1,2,2,0,2,0,0000000,5,26,99,99,99,99,0,0,0,1,0
17,171029,1,1,0,0,0,1,1,39,0,6,12,2016,3,17,38,0,1,4,1,3,SR-10 (CR-500N),,577,40.13296667,-88.881438890000,0,11,0,0,1,1,0,1,2,1,0,1,0,0000000,17,38,17,46,99,99,0,0,0,1,0
17,171030,2,2,0,0,0,3,3,167,8220,22,12,2016,5,9,40,0,2,4,4,6,2ND ST,COOK ST,0,39.79498056,-89.653466670000,0,12,6,0,2,2,3,1,1,1,0,1,0,0000000,9,42,99,99,99,99,0,0,0,1,0
17,171031,1,1,0,1,1,1,1,91,1620,24,12,2016,7,8,3,1,1,1,1,1,I-57,,3030,41.01832222,-87.902347220000,0,8,0,0,1,1,0,1,2,5,0,5,0,0000000,8,3,99,99,88,88,0,0,0,1,0
17,171032,1,1,0,0,0,1,1,119,2510,25,12,2016,1,20,0,0,2,4,4,6,MAIN ST,,0,38.88364444,-90.108225000000,0,42,0,0,1,1,0,4,3,1,0,1,0,0000000,20,15,20,17,99,99,0,0,0,1,0
17,171033,1,1,0,1,1,1,1,63,0,26,12,2016,2,21,45,1,1,1,1,1,I-80,,1031,41.37667222,-88.591872220000,0,8,0,0,1,1,0,1,2,1,0,1,0,0000000,21,50,99,99,88,88,0,0,0,1,0
17,171034,3,3,0,0,0,3,3,97,0,23,12,2016,6,5,50,1,2,1,31,1,I-94 (TRI STATE TOLLWAY),,201,42.22371667,-87.899552780000,0,18,0,0,1,1,0,1,3,1,0,1,0,0000000,5,52,99,99,99,99,0,0,0,1,0
17,171035,1,1,0,0,0,1,1,149,6990,27,12,2016,3,17,59,0,1,5,3,5,CLARKSVILLE RD,CR-11 (FAIR ST),0,39.59722778,-90.809416670000,0,43,0,0,3,3,0,4,3,1,0,1,0,0000000,17,59,99,99,88,88,0,0,0,1,0
17,171036,1,1,0,1,1,1,1,19,1550,28,12,2016,4,17,52,0,2,4,4,6,BRADLEY AVE,WILLIS AVE,0,40.12720278,-88.260322220000,0,8,0,0,2,3,0,1,3,1,0,1,0,0000000,17,53,99,99,99,99,0,0,0,1,0
17,171037,2,2,0,0,0,2,2,31,140,16,12,2016,6,20,43,0,2,4,4,6,PULASKI RD (CRAWFORD AVE),,0,41.66867222,-87.719422220000,0,12,2,0,1,1,0,1,3,4,0,4,0,0000000,20,43,99,99,99,99,0,0,0,1,0
17,171038,1,1,0,1,1,1,1,31,8410,20,12,2016,3,21,23,0,2,4,1,3,SR-171  (ARCHER RD),,231,41.77592500,-87.814719440000,0,9,0,0,1,1,0,1,2,1,0,1,0,0000000,21,23,99,99,99,99,0,0,0,1,0
17,171039,2,2,0,0,0,2,2,1,1310,30,12,2016,6,20,24,1,1,3,1,2,US-24 (WOOD ST),,239,40.03971389,-91.054705560000,0,12,6,0,1,1,0,1,2,1,0,1,0,0000000,20,24,99,99,99,99,0,0,0,1,1
17,171040,2,2,0,0,0,3,3,97,9650,21,12,2016,4,2,17,0,2,4,3,6,LEWIS AVE,31ST ST,0,42.43918056,-87.854780560000,0,12,6,0,3,3,0,1,2,1,0,1,0,0000000,2,17,99,99,99,99,0,0,0,1,0
17,171041,1,1,0,0,0,1,1,31,5050,31,12,2016,7,23,59,0,2,4,4,6,55TH ST,JOLIET RD,0,41.79110833,-87.842088890000,0,33,0,0,3,4,0,4,3,1,0,1,0,0000000,23,59,99,99,88,88,0,0,0,1,0
17,171042,2,2,0,0,0,3,3,197,0,7,12,2016,4,17,6,0,2,7,2,4,CR-38 (187TH ST) (MAPLE RD),,0,41.54941389,-87.911922220000,0,12,2,0,1,1,0,1,2,1,0,1,0,0000000,17,6,99,99,99,99,0,0,0,1,0
17,171043,2,2,0,0,0,2,2,99,0,26,12,2016,2,10,24,0,1,7,3,5,1ST RD,46TH RD,0,41.59910278,-89.147758330000,0,12,6,0,3,2,0,1,1,1,0,1,0,0000000,10,24,99,99,99,99,0,0,0,1,0
17,171044,2,2,0,0,0,2,2,97,3670,17,12,2016,7,0,0,0,2,4,2,4,CR-45 (CR-A22)(WASHINGTON ST),CR-W12 (ALMOND RD),0,42.36404444,-87.978227780000,0,12,6,0,2,2,0,1,3,4,0,4,0,0000000,0,0,99,99,99,99,0,0,0,1,1
17,171045,1,1,0,1,1,1,1,31,1670,22,12,2016,5,14,29,0,2,7,4,6,DRAKE AVE,28TH ST,0,41.84075833,-87.713463890000,0,8,0,0,3,2,0,1,1,1,0,1,0,0000000,14,39,99,99,99,99,0,0,0,1,0
17,171046,2,2,0,0,0,3,3,111,0,12,12,2016,2,20,3,0,2,4,2,4,CR-A47 (MAIN ST),KREUTZER RD,0,42.16830556,-88.441675000000,0,12,2,0,3,3,0,1,2,1,0,1,0,0000000,20,6,99,99,99,99,0,0,0,1,0
17,171047,2,2,0,0,0,2,2,31,6690,29,12,2016,5,20,55,0,2,4,4,6,MCCARTHY RD,,0,41.66584444,-87.907175000000,0,12,2,0,1,1,0,1,2,1,0,1,0,0000000,20,55,20,58,99,99,0,0,0,1,0
17,171048,1,1,0,0,0,2,2,97,6279,25,12,2016,1,16,10,0,2,7,4,6,RAVINE LN,,0,42.23848333,-88.118613890000,0,1,0,0,1,1,0,1,1,2,0,2,0,0000000,16,13,99,99,99,99,0,0,0,1,0
17,171049,2,2,0,0,0,3,3,51,8800,12,12,2016,2,13,54,0,2,4,4,6,SUNSET DR,JEFFERSON ST,0,38.96636389,-89.115711110000,0,12,6,0,3,2,0,1,1,1,0,1,0,0000000,13,54,99,99,99,99,0,0,0,1,0
17,171050,1,1,0,0,0,1,1,171,0,16,12,2016,6,9,6,0,1,6,2,4,CR-9 (WINCHESTER GLASGOW RD),,0,39.56800278,-90.487100000000,0,42,0,0,1,1,0,4,1,4,0,4,0,0000000,9,6,99,99,88,88,0,0,0,1,0
17,171051,1,1,0,0,0,1,1,57,0,23,9,2016,6,16,2,0,1,3,2,4,CR-27,CYPRESS RD,0,40.59327500,-89.921438890000,0,1,0,0,2,3,0,1,1,1,0,1,0,0000000,16,2,99,99,99,99,0,0,0,1,1
17,171052,1,1,0,0,0,2,2,97,0,7,10,2016,6,22,0,0,2,4,1,3,SR-131 (GREEN BAY RD),,106,42.42980556,-87.876411110000,0,5,0,0,1,1,0,1,2,1,0,1,0,0000000,9,50,99,99,88,88,18,0,0,1,0
17,171053,1,1,0,1,1,1,1,97,0,30,10,2016,1,14,56,0,2,7,3,5,PENARA DR,,0,42.16463611,-87.929166670000,0,8,0,0,1,1,0,1,1,1,0,1,0,0000000,14,57,99,99,88,88,0,0,0,1,0
17,171054,3,3,0,0,0,4,4,31,1680,27,11,2016,1,19,28,1,2,3,1,2,US-30 (14TH ST)(LINCOLN HWY),,1475,41.50620000,-87.615813890000,0,12,7,0,1,1,0,1,3,1,0,1,0,0000000,19,29,99,99,99,99,0,0,0,1,1
17,171055,4,4,0,0,0,8,8,31,0,29,11,2016,3,7,44,0,2,4,4,6,GOLF RD,,0,42.05526389,-87.785544440000,0,12,11,0,1,1,0,1,1,1,0,1,0,0000000,7,44,99,99,99,99,0,0,0,1,0
17,171056,1,1,0,1,1,1,1,31,1670,24,11,2016,5,21,41,1,2,3,1,6,WESTERN AVE,71ST ST,0,41.76470556,-87.683263890000,0,8,0,0,3,2,0,1,3,1,0,1,0,0000000,21,45,99,99,99,99,0,0,0,1,0
17,171057,1,1,0,0,0,1,1,31,0,28,11,2016,2,10,7,1,2,2,1,1,I-390,I-390 TO ROSELLE RD RAMP,29,41.99605833,-88.085008330000,0,31,0,1,5,1,0,4,1,1,0,1,0,0000000,10,7,99,99,99,99,0,0,0,1,1
17,171058,2,2,0,0,0,2,2,97,8933,17,12,2016,7,14,40,0,2,4,2,4,CR-22 (DELANY RD),,0,42.44345000,-87.903813890000,0,12,2,0,1,1,0,1,1,1,0,1,0,0000000,14,41,99,99,99,99,0,0,0,1,1
17,171059,1,1,0,0,0,2,2,19,0,15,12,2016,5,13,57,1,1,1,1,1,I-74,,1958,40.11974444,-87.975266670000,0,1,0,0,1,1,0,4,1,1,0,1,0,0000000,13,57,99,99,99,99,0,0,0,1,0
17,171060,3,3,0,0,0,4,4,97,0,15,12,2016,5,20,16,1,2,3,1,3,SR-59,CR-51 (PETITE LAKE RD),680,42.42991111,-88.117911110000,0,12,6,0,2,3,0,1,2,1,0,1,0,0000000,20,16,99,99,99,99,0,0,0,1,0
17,171061,2,2,0,0,0,3,3,31,1670,9,12,2016,6,9,50,0,2,7,4,6,KINZIE ST,KILBOURN AVE,0,41.88763333,-87.738144440000,0,12,6,0,3,2,0,1,1,1,0,1,0,0000000,9,55,99,99,99,99,0,0,0,1,0
17,171062,2,2,0,0,0,2,2,31,1670,3,12,2016,7,21,40,1,2,1,31,1,I-90 (CHICAGO SKYWAY),,1039,41.74274722,-87.575802780000,0,12,2,0,1,1,0,1,3,1,0,1,0,0000000,21,43,99,99,99,99,0,0,0,1,2
17,171063,1,1,0,0,0,1,1,83,3510,24,12,2016,7,19,24,0,1,7,4,6,MARKET ST,,0,38.96829444,-90.435105560000,0,3,0,0,1,1,0,4,2,1,0,1,0,0000000,19,24,99,99,88,88,0,0,0,1,0
17,171064,1,1,0,1,1,1,1,31,1670,30,12,2016,6,13,48,0,2,4,4,6,71ST ST,,0,41.76578889,-87.611422220000,0,8,0,0,1,1,0,1,1,10,0,10,0,0000000,13,50,99,99,99,99,0,0,0,1,0
17,171065,1,1,0,0,0,2,2,43,5980,23,11,2016,4,2,35,1,2,3,1,6,NAPERVILLE BLVD,,0,41.79465556,-88.118919440000,0,42,0,0,1,1,0,3,3,2,0,2,0,0000000,2,35,99,99,99,99,0,0,0,1,0
17,171066,1,1,0,1,1,2,2,31,9580,24,12,2016,7,17,24,1,2,3,1,3,SR-43 (HARLEM AVE),110TH ST,128,41.69171667,-87.797538890000,0,8,0,0,3,2,0,1,2,1,0,1,0,0000000,17,24,99,99,99,99,0,0,0,1,0